{
    "3": {
        "from": "Heer",
        "text": "喜欢很多东西 所以 温暖过我的 我记得很牢"
    },
    "4": {
        "from": "Heer",
        "text": "享受一个人的安稳，又期待两个人的热闹"
    },
    "5": {
        "from": "Heer",
        "text": "再热情的心也经不起冷漠 再爱你的人也经不起冷落"
    },
    "6": {
        "from": "Heer",
        "text": "你曾经填满我的过去，却在我们约定好的未来永久缺席"
    },
    "7": {
        "from": "Heer",
        "text": "我讨厌圈钱的女孩子，可是如果是你，我更讨厌没钱的自己"
    },
    "8": {
        "from": "Heer",
        "text": "一个连崩溃都要顾及他人的人，是叫她懂事还是无能为力"
    },
    "9": {
        "from": "Heer",
        "text": "你爱过一个人吗？从满心欢喜到满目疮痍"
    },
    "10": {
        "from": "Heer",
        "text": "重度抑郁啦，不能给家里添麻烦，不买药啦，自己百度怎么缓解情绪。不告诉朋友啦，因为无从开口，平时我都是逗他们开心的。不告诉男朋友啦，怕他害怕，找个机会提分手叭。我一直在努力治愈自己，努力给别人温暖，我只是有时候坚持不下去，等等我好不好，我擦擦眼泪马上来。"
    },
    "11": {
        "from": "Heer",
        "text": "考研可能也失败了，妈妈明天因为心脏有问题要去看，继父不管，我亲爹关机不敢接我电话，那些亲人除了我阿姨在为我们东奔西跑，我才23岁了我承受了那么多，听着这首歌会哭的"
    },
    "12": {
        "from": "Heer",
        "text": "生而为人 我很抱歉"
    },
    "13": {
        "from": "Heer",
        "text": "他不在对岸 我也不够勇敢"
    },
    "14": {
        "from": "Heer",
        "text": "温柔吗，半条命换的"
    },
    "15": {
        "from": "Heer",
        "text": "我倒数第一，语文零分，数学零分，英语全是选择题，我成功的错过了所有正确答案。2020我中考，完全没希望······"
    },
    "16": {
        "from": "Heer",
        "text": "五年没有联系的前任，结婚了生了孩子，是我们一直想要的女儿，名字竟然也是我取的,但姓不一样了。"
    },
    "17": {
        "from": "Heer",
        "text": "我愛的是位男生，我卻也是一位男生，我的人生，還能成人生嗎?"
    },
    "18": {
        "from": "Heer",
        "text": "所有的玩笑里 都藏着认真的话，而那些看似没有听懂的回应，大概就是再委婉不过的拒绝"
    },
    "19": {
        "from": "Heer",
        "text": "《大鱼海棠》你说你欠鲲一条命，你得还清欠他的，却不知道你欠湫的，远不止一条命。你说你要送鲲回家，他的妹妹还在等他，却不知道湫没有父母，天不怕地不怕，唯独怕你受苦"
    },
    "20": {
        "from": "Heer",
        "text": "总有一天你会静下心来像个局外人一样 看着自己的故事笑着摇头"
    },
    "21": {
        "from": "Heer",
        "text": "磨脚的鞋子我不会穿第二次，剪坏我头发的理发店，我不会去第二次，可是就是那个不适合我的人我爱了不止一次"
    },
    "22": {
        "from": "Heer",
        "text": "散伙是人间常态，你我又不是什么例外，不要眼眶一红，?就觉得人间不值得，他如果真爱你，他比你害怕失去你"
    },
    "23": {
        "from": "Heer",
        "text": "我曾赤诚天真地爱过你，除了伤心难过，一无所得。若干年后我想起，能够说出“我曾赤诚天真地爱过一个人”，这是一生之中，我最为安慰的事情"
    },
    "24": {
        "from": "关于郑州的回忆",
        "text": "不在一起就不在一起吧，反正一辈子也没多长"
    },
    "25": {
        "from": "再见二丁目",
        "text": "我从未拥有过你一秒钟，心里却失去过你千万次"
    },
    "26": {
        "from": "Heer",
        "text": "在家楼下逛了两圈单曲循环这首歌，听完就把那段感情放弃了，我喜欢了快7年的人等了也快七年，重新再见后他说等他来找我，一个多月啦不想再等了，我放弃啦，我值得更爱我的呀"
    },
    "27": {
        "from": "Heer",
        "text": "世上这么多好听的歌，我们一定要好好活着"
    },
    "28": {
        "from": "Heer",
        "text": "我昨天很爱你 今天不想爱了 但我知道明天醒来 最爱的人还是你"
    },
    "29": {
        "from": "Heer",
        "text": "总有些惊奇的际遇，比方说当我遇见你"
    },
    "30": {
        "from": "Heer",
        "text": "如果你喜欢一个人 那就先从朋友相处 你们可以同情侣一样关心对方鼓励对方陪伴对方 哪怕后来发现感情淡了你们还是好朋友 不要因为一段不成熟的感情而失去了一个感觉对的人 现在的年纪 给不了未来 负不起责任 在心里给对方留一片天地 放在那里就好了 你们相爱 但你们不是情侣"
    },
    "31": {
        "from": "Heer",
        "text": "好想知道你们是怎么走出失恋的痛苦的 夜好长啊 怎么等到天亮 不是一向无所畏的吗 为什么会变成这样子爱哭鼻子 委屈有什么用啊 他什么都不知道的啊 我放下一切关于他的规划和努力 以后再也不用为他担心 不用等他的消息等到睡不着 我觉得我没有力气了 我明明有好多话啊 为什么都说不出来"
    },
    "32": {
        "from": "Heer",
        "text": "“爸爸，一生是多久呢？” “一生啊...就是从我见到我的妈妈那一天起，到我再也见不到你的妈妈那一天为止。”"
    },
    "33": {
        "from": "Heer",
        "text": "我爸妈离婚挺久了。。。 上次我爸跟我打电话的时候无意间提到了我妈。他哽咽了一下。说我妈是个好姑娘，只可惜当初都太冲动。 然后今天我在日推听到这首歌的时候哇的一声哭了出来。我原本可以和爸爸妈妈一起过这个中秋的。"
    },
    "34": {
        "from": "Heer",
        "text": "今年28了 你再不出现 可能我要因为世俗的压力随便找个人嫁了 我多么希望嫁给爱情 而不是年龄"
    },
    "35": {
        "from": "Heer",
        "text": "你说 你喜欢我 所以我准备卸下防备迎接你的爱 可你表现的又没那么喜欢我 于是我又穿起了一层层的保护壳 最后你还要怪我 真冷淡 ​​​​"
    },
    "36": {
        "from": "Heer",
        "text": "孤独的时候，一个人要像一支队伍。"
    },
    "37": {
        "from": "Heer",
        "text": "刚才去吃火锅，看见火锅店的墙上提醒，羊是自己养的，菜是自己种的油是自己榨的，提醒顾客放心使用。买单的时候我，悄悄告诉老板，钱是我自己印的，请放心使用，老板追了我好几条街没追上，真有意思，腿是我自己长的，想往哪里跑就往哪里跑，陌生人，如果你笑了，那我祝你2019年一切顺利"
    },
    "38": {
        "from": "Heer",
        "text": "“歪，不喜欢我为什么还要勉强？”“心理学来讲，我虽然不喜欢你，但是我更不愿意你去喜欢别人。”“那这不叫喜欢？”“这叫勉强。”"
    },
    "39": {
        "from": "Heer",
        "text": "如果没能一同驶过同一片苦海 你怎么可能知道我的孤独"
    },
    "40": {
        "from": "Heer",
        "text": "你生活在光亮里，你就觉得全世界都是光亮的。"
    },
    "41": {
        "from": "Heer",
        "text": "我好想你 想和你再見一面"
    },
    "42": {
        "from": "Heer",
        "text": "事已至此 我的一厢情愿我的满心欢喜都该告一段落了"
    },
    "43": {
        "from": "Heer",
        "text": "一条伤疤，很多年后，你也只会和别人说“已经过去了。”"
    },
    "44": {
        "from": "Heer",
        "text": "满眼疲惫，无知又无谓"
    },
    "45": {
        "from": "Heer",
        "text": "其实不是刚好走到你公司楼下 也不是恰好遇到你下班 只是想和你一起走回家"
    },
    "46": {
        "from": "Heer",
        "text": "我相信，总会有适合我的人出现，不是你，也会是别人"
    },
    "47": {
        "from": "Heer",
        "text": "花好多时间去了解你 也不过是满足自己的好奇心罢了"
    },
    "48": {
        "from": "Heer",
        "text": "人间失格》里有这样一句话：仅一夜之间，我的心判若两人。他自人山人海中来，原来只为给我一场空欢喜。你来时携风带雨，我无处可避；你走时乱了四季，我久病难医。"
    },
    "49": {
        "from": "Heer",
        "text": "别人都说你不值得。 我偏不信。 现在。我在骗自己不相信。"
    },
    "50": {
        "from": "Heer",
        "text": "她的眼里有万千星河，却没有一颗是我"
    },
    "51": {
        "from": "Heer",
        "text": "老师:“思念一个人到极致是什么感觉？” 学生:“…… 老师:“只要岁岁平安，即使，生生不见。"
    },
    "52": {
        "from": "Heer",
        "text": "抱的太紧 会弄疼对方 爱的太深 会生出绝望"
    },
    "53": {
        "from": "Heer",
        "text": "你说谎瞒不过我 说实话我又好难过"
    },
    "54": {
        "from": "Heer",
        "text": "“总有一个人会跨越人海带着温柔和满满爱意奔向你拥抱你。” 我以前也信这句话。"
    },
    "55": {
        "from": "Heer",
        "text": "我始终想不明白，两个注定不会在一起的人，为什么要安排他们相遇。"
    },
    "56": {
        "from": "Heer",
        "text": "好像？知道自己不合群。为了那该死的友谊我成了哗众取宠的跳梁小丑"
    },
    "57": {
        "from": "Heer",
        "text": "同性恋被说变态 抑郁症被说矫情 善良被说幼稚 纹身被说不正经 对每个人都友好被说滥情 温柔被说装嗲 努力工作被说疯子 让座成为理所当然 助人为乐变成别有用心 就连礼貌回应的谢谢都是客气死板 人间不值得 魔鬼在人间 我想回地狱"
    },
    "58": {
        "from": "Heer",
        "text": "我想起高一的时候，我跟朋友说自己会孤独终老，最终没有人为我建墓。朋友说她会等我死了把我的骨灰装在烟花筒里，绽开在夜晚的空中。"
    },
    "59": {
        "from": "Heer",
        "text": "以前以为空间很干净或者都删掉的人很酷 现在觉得空间堆成山的人才是真的酷 没用的链接 过时的段子 新欢 旧爱 他们根本不在乎过去发生了什么 活在现实 看向未来 真正的放下不是绝口不提 而是在回忆涌上心头的某一天 自己还能笑着跟别人讲"
    },
    "60": {
        "from": "Heer",
        "text": "听说分手的人重新复合的概率是82% 但是复合后能走到最后的概率只有3% 剩下的97%就会再次分手 因为是你 哪怕只有3%的机率我也想要再试一次 我再也没有精力爱上其他人了 如果你也是 我们重新开始吧 ​​​."
    },
    "61": {
        "from": "Heer",
        "text": "我爱上一个姑娘，可她在别人的️Bed上呻吟"
    },
    "62": {
        "from": "Heer",
        "text": "她好幸运啊，和自己喜欢的人在一起了"
    },
    "63": {
        "from": "Heer",
        "text": "花了8秒钟删了你的联系方式. 花了8分钟删了所有的聊天记录. 花了8个小时扔了所有与你有关的东西. 花了八天才能静下来. 花了8个月才开始忘了你. 结果你一个电话，说了一句“在么？” 所有记忆全部复活"
    },
    "64": {
        "from": "Heer",
        "text": "我有很多阴暗面，不想让你知道的，只有我自己了解的 我暴躁 冷漠 极端 低迷 抑郁 焦躁 自卑 不安 可是这样的我 在你面前仍然小心翼翼 谨慎的藏好自己的阴暗面 想给你以最好的我 可还是搞砸了 我还是把一切都搞砸了"
    },
    "65": {
        "from": "Heer",
        "text": "有一种性取向叫做lithromantic，指的是在你对某个人产生好感后，当他对你有同样感情后，你就会讨厌这种感情，甚至不再喜欢他。"
    },
    "66": {
        "from": "网抑云",
        "text": "听说人在微笑时不能呼吸，你可以试一试"
    },
    "67": {
        "from": "网抑云",
        "text": "我想要把自己关在网抑云里 因为我太害怕了 太害怕外边的世界了"
    },
    "68": {
        "from": "网抑云",
        "text": "我其实没有抑郁症，我只是懒，懒得思考，懒得做决定，懒得集中精力，懒得控制情绪，懒得忍住眼泪，懒得活着而已\n"
    },
    "69": {
        "from": "Heer",
        "text": "有了隔阂的人就再也走不近了.就像你和我........."
    },
    "70": {
        "from": "我的宝贝",
        "text": "有一种男生聊天秒回 忙完回来也告诉你去干了什么 痴情又温柔 你没遇到是命 你没珍惜你说你该死不该死"
    },
    "71": {
        "from": "我的宝贝",
        "text": "懂事的人连崩溃都选好时间"
    },
    "72": {
        "from": "我的宝贝",
        "text": "夜晚太容易让人想重新来过了"
    },
    "73": {
        "from": "我的宝贝",
        "text": "当我喝多了还清醒的知道不能给你打电话的时候 我就知道我们真的完了."
    },
    "74": {
        "from": "左肩（翻自 万辰）",
        "text": "“我还以为这辈子就你了呢”"
    },
    "75": {
        "from": "山海",
        "text": "我睡了一下午醒来的时候屋子里漆黑黑的一点声音都没有抬头望了望窗外天还没有全黑，四处摸了摸在枕头下找到手机，打开手机后屏幕亮起没有一点消息。"
    },
    "76": {
        "from": "山海",
        "text": "我奶奶每天都检查我的手腕“别走奶奶面前，算奶奶求你了”"
    },
    "77": {
        "from": "山海",
        "text": "一个月换了三次耳机，原因是因为进水，希望你永远听不懂这句话"
    },
    "78": {
        "from": "山海",
        "text": "别人喜欢你 我还可以阻挡 但是你喜欢上别人 我该怎么办."
    },
    "79": {
        "from": "Heer",
        "text": "我以为爱可以填满所有遗憾。可我没想到制造所有遗憾的却是爱。"
    },
    "80": {
        "from": "秋月爱莉",
        "text": "为什么，海水是咸的，泪也是"
    },
    "81": {
        "from": "多情种",
        "text": "我不能爱上海与天津，因为我心中有个北平。 ——老舍《想北平》"
    },
    "82": {
        "from": "Heer",
        "text": "我换手机了， 终于， 我的输入法不记得你了"
    },
    "83": {
        "from": "Heer",
        "text": "很多事情只是在恰巧的时间恰巧的发生了，别多想，别多情."
    },
    "84": {
        "from": "Heer",
        "text": "热爱到什么程度才敢错过千万次都想重来"
    },
    "85": {
        "from": "Heer",
        "text": "好看的皮囊你高攀不起，有趣的灵魂看不上你"
    },
    "86": {
        "from": "I Don't",
        "text": "宁愿哭着记住你，也不想笑着将你遗忘"
    },
    "87": {
        "from": "I Don't",
        "text": "我被剧透了几乎全部的剧情，但我仍然能在第四第五章哭个稀里哗啦"
    },
    "88": {
        "from": "I Don't",
        "text": "我宁愿有一个 “噢，好吧” 的人生，也不要一个 “如果这样” 的人生"
    },
    "89": {
        "from": "I Don't",
        "text": "星星在亿万年前早已消失 但这并不妨碍他们的美丽 谎言使我们变得不完整 但这并不妨碍我爱你 与其在回忆里完美的结束 我更愿意和你长久到破碎 有你陪伴的日子我很荣幸 在还没失去你之前 我要许你一房子的星星 染成你的蓝色"
    },
    "90": {
        "from": "I Don't",
        "text": "当你还在为生活疲于奔命的时候，生活已离你而去。地狱已空，恶魔在人间。"
    },
    "91": {
        "from": "Heer",
        "text": "这次车窗起雾，竟然没想好写谁的名字。"
    },
    "92": {
        "from": "Heer",
        "text": "出了完整版你就发现你只喜欢这两句"
    },
    "93": {
        "from": "Heer",
        "text": "不用说对不起,反正下一次还是对不起。"
    },
    "94": {
        "from": "Heer",
        "text": "后来我遇到了一个姐姐，教会我意乱情迷，深陷其中，可惜姐姐就是姐姐，可以不带任何感情的和你谈情说爱"
    },
    "95": {
        "from": "Heer",
        "text": "如果我是个男孩子 我会故意不理她 不懂她的情绪 不关心她的小细节 逼她说分手 最后假装愧疚说我们不合适"
    },
    "96": {
        "from": "Heer",
        "text": "人在离开的时候总是格外温柔"
    },
    "97": {
        "from": "Heer",
        "text": "云朵好懒啊  不涂防晒  变成乌云  然后委屈的哭了起来 "
    },
    "98": {
        "from": "Heer",
        "text": "高考在即，看着学长学姐每天都在拼命学习，每天走路带风，抓紧每一分钟，自己也要好好抓紧时间，还有341天，也幸好还有341天，戒掉游戏，静下心来，好好学习，自己要逆风翻盘，要知道自己要什么，要考复旦。老番茄，老坛，要向他们看起，要去西藏，要骑机车，不能让自己后悔！祝我成功！祝你万事胜意！"
    },
    "99": {
        "from": "Heer",
        "text": "“总不能跑到你面前对你说舍不得吧”"
    },
    "100": {
        "from": "Heer",
        "text": "《人间失格》里也有这样一句：“我仍然认为向人诉苦不过是徒劳，与其如此，不如默默承受。”"
    },
    "101": {
        "from": "Heer",
        "text": "初中高中都遭受到校园暴力的我，患上了抑郁症。但是我依旧善良，我想去做公益，很想去乡村之中支教，想给那些孩子带来快乐和陪伴。可是…在我为这件事情付出许多，我的部长却觉得我不配和他们一起去做这件事情，施舍给我的名额我不愿接受。\n很痛苦，纠结很久要不要继续在公益的这条路上勇敢的走着啊…"
    },
    "102": {
        "from": "Heer",
        "text": "距离高考85天，一模考的很差，一百天内逆袭的奇迹会发生在我身上吗，为什么不会呢"
    },
    "103": {
        "from": "Heer",
        "text": "我不愿意再随着海浪起伏，就待在海底吧，不用想你"
    },
    "104": {
        "from": "Heer",
        "text": "我跟着微风潜入太平洋，水中光线随波浪折射起伏，一路游移，看见温暖浅海的珊瑚和飘摇的海草，一路向南，遇见盛大斑斓的鱼群，我只是悄悄游行，不打扰这水底世界的万物众生"
    },
    "105": {
        "from": "Heer",
        "text": "今天早上去早餐店买早餐吃  指着肉包说  阿姨 给我拿两个馒头吧  好勒  2块钱  说完  利索的给我装了两个花卷进去...我想我们都是有心事的人吧."
    },
    "106": {
        "from": "Heer",
        "text": "你离开不久电影《你的名字》上映  我买了两张票  在电影院最角落  人特别多  有说有笑的  我的头尽量的靠在旁边的空椅子上 直到所有人都走了 我对着旁边的空位置说了声 我爱你  起身  走人  外面下着小雨  这个冬天有点冷啊"
    },
    "107": {
        "from": "Heer",
        "text": "生活的洪流欲让人们窒息，我们却在缺氧的环境中肆意成长。"
    },
    "108": {
        "from": "Heer",
        "text": "昨晚是听着这首曲子睡去的，竟梦见了离世多年的外公。在梦里他蹬着那台老旧的凤凰牌自行车，日光透过缓坡两旁的榕树，斑驳地洒落在他满头的白发上。他转过头看见了我，仅仅是一个笑容，却又是宇宙中独一无二的笑容...长镜头，慢放，仿佛全世界的温暖和美好此时此刻都围绕在我身边。"
    },
    "109": {
        "from": "Heer",
        "text": "错的人叫重蹈覆辙\n对的人才叫失而复得"
    },
    "110": {
        "from": "Heer",
        "text": "金木问过这样一句话：“如果我闭上了双眼，看到的是黑暗的话，那么当我睁开眼睛去看这个世界的时候，是否会是一片光明？”\n我一直都相信，只要你足够努力的话，黑暗的尽头的终将是光明的"
    },
    "111": {
        "from": "Heer",
        "text": "如果真的有“早知道”这个词 那我们还不如不开始 "
    },
    "112": {
        "from": "Heer",
        "text": "“我有满腹话语，却从未说出口，我有好多梦，最终却忘记了实现。”      再见朋友们，高三生又要继续征途了，即使前方可能不是星辰大海。"
    },
    "113": {
        "from": "Heer",
        "text": "纯音乐的好处就是，每个人都能从中听到自己的故事……"
    },
    "114": {
        "from": "Heer",
        "text": "“堕落并不可怕，可怕的是，堕落时，我是清醒的”"
    },
    "115": {
        "from": "Heer",
        "text": "“书堆积的很高，但那都是你看过的，站起来就可以看到黑板上的三好学生，班里很乱，我在嘈杂的环境下看着窗外想着未来，不偏不倚，光落到我脸上，那是未来”"
    },
    "116": {
        "from": "Heer",
        "text": "像极幽 极静的山谷 忽然降下一颗水滴坠入湖中 又是一阵的涟漪"
    },
    "117": {
        "from": "Heer",
        "text": "“一个小建议：逃离任何消耗你快乐的东西”."
    },
    "118": {
        "from": "Heer",
        "text": "都是第一次做人 凭什么说我的选择是错的"
    },
    "119": {
        "from": "Heer",
        "text": "切记——不要隔着屏幕对别人产生好感"
    },
    "120": {
        "from": "Heer",
        "text": "如果我8岁，我可以拿着棒棒糖牵着你，如果我28岁，我可以捧着鲜花拉你手，可惜我18岁，我不敢握紧你手，因为我什么都还没有。"
    },
    "121": {
        "from": "Heer",
        "text": "如果我10岁，我可以对坐在我旁边一起看星星的你说我长大了要为你摘下哪颗星星；如果我30岁，我会抱着你爱的猫，拿着我俩的户口本，趁着民政局还没下班，牵着你的手一路狂奔；可惜我现在20岁，还只是个定期向爸妈要生活费的学生党……给不了你未来。捱过这无能为力的年纪，我一定要拥有你。"
    },
    "122": {
        "from": "Heer",
        "text": "我以为我会和一个平平淡淡的男子，结婚生子然后平淡的过一生。相反，我的老公是个宠溺我到肆无忌惮的男人，给我了最好的婚礼给我最火热的爱情。所以评论里那些孩子们啊，不要觉得这一生就这样潦草行事了，也许，你想不到的惊喜，还在你未拆封的礼品盒里。"
    },
    "123": {
        "from": "Heer",
        "text": "我知道，我宁愿死在年轻冒险的旅途上。也不愿活在碌碌无为的生活里。"
    },
    "124": {
        "from": "Heer",
        "text": "所谓有趣的灵魂，实际上就是这个人的信息密度和知识层面，都远高于你，并愿意俯下身去听你说那毫无营养的废话和你交流，提出一些你没有听过的观点，颠覆了你短浅的想象力及三观。"
    },
    "125": {
        "from": "Heer",
        "text": "“你不能一直做一些烂事，然后自己后悔，好像后悔有用一样，你需要变好。”"
    },
    "126": {
        "from": "Heer",
        "text": "“我可以一落千丈，但我就是要一鸣惊人”"
    },
    "127": {
        "from": "Heer",
        "text": "“我一定要优秀到你主动来认识我.”"
    },
    "128": {
        "from": "Heer",
        "text": "爸爸对女儿的爱啊，今晚吃饭的时候我随口一句明天想带士力架去考试，我爸，一个不知道士力架的啥的老头子，自己溜达去超市给我买了，洗完头发发现放在书桌上，瞬间泪目。爸爸，这次我不管考不考的上，也不会逃避生活了，努力赚钱早日孝敬你！"
    },
    "129": {
        "from": "Heer",
        "text": "其中一个细节：沙耶加那么一个爱美的女孩子，居然剪掉头发从此也不再化妆打扮"
    },
    "130": {
        "from": "Heer",
        "text": "“你迷茫的原因往往只有一个，那就是在本该拼命去努力的年纪，想得太多，做得太少。”"
    },
    "131": {
        "from": "Heer",
        "text": "“他只是陪我走到了他力所能及的地方。”"
    },
    "132": {
        "from": "Heer",
        "text": "“破例说个秘密。其实我不用看到你的脸才能喜欢你，也不用听到你的声音，不用知道你有什么消息。我所知道的是，在生活中不多见的闪光的时刻我会想到你，烟花升起来，雪落下去，人们围上来拥抱我，这样的时刻。我猜你和世界上所有的美好连在一起。所以我想尽量去看一些好的东西，这就是我喜欢你的方式”"
    },
    "133": {
        "from": "Heer",
        "text": "友情里最让人唏嘘的时刻是，一开始我把你当成值得深交的人，后来因为某些事对你有些微的失望，于是不断说服自己人与人之间本该如此淡薄。又把你放回到一个普通朋友的位置，与你维持着表面的和平。这一系列的心理变化过程，你连半分都不知。 ​"
    },
    "134": {
        "from": "Heer",
        "text": "我，第一次，因为，偷了，太多绿色能量，而被好友拉黑"
    },
    "135": {
        "from": "Heer",
        "text": "每个夜里，我与你的残魂共舞"
    },
    "136": {
        "from": "Heer",
        "text": "我给你们讲一个笑话：我进她空间忘了删记录，第二天我就进不去了."
    },
    "137": {
        "from": "Heer",
        "text": "多谢你如此精彩耀眼，曾做我平淡岁月里星辰"
    },
    "138": {
        "from": "Heer",
        "text": "那一刻你心里有场海啸，可你静静站着，没有让任何人知道。"
    },
    "139": {
        "from": "Heer",
        "text": "你坐过出租车吧 你下车后 司机是不是把空牌子立了起来 你应该明白 空出来的位置总有人坐"
    },
    "140": {
        "from": "Heer",
        "text": "开朗是装的  懂事是装的  和谁合得来是装的  自信也是装的  只有自卑是真的  孤独是真的  难过是真的."
    },
    "141": {
        "from": "Heer",
        "text": "极致的热烈迎来的便是死亡。"
    },
    "142": {
        "from": "Heer",
        "text": "哪些话你听了会开心但是你永远不会信。"
    },
    "143": {
        "from": "Heer",
        "text": "我曾经劝过一个重度抑郁症的人，我跟她说 我吃过全世界最好吃的小蛋糕 你要乐观 哪天来我的城市我请你吃。后来因为某件事我也抑郁了小蛋糕也不好吃了 整夜整夜的睡不着觉 没有音乐觉得我会死 就突然觉得 之前我是多自以为是 以一个旁观者的身份劝别人乐观太容易了 你并不知道她经历了什么"
    },
    "144": {
        "from": "Heer",
        "text": "你既死不了 又活不好"
    },
    "145": {
        "from": "Heer",
        "text": "一起跳个楼吧 享受极速下沉"
    },
    "146": {
        "from": "Heer",
        "text": "哪有那么多喜欢  穿过人群找到你来爱你最后抛弃你"
    },
    "147": {
        "from": "Heer",
        "text": "我不是对手在人潮中被埋没"
    },
    "148": {
        "from": "Heer",
        "text": "我要用我死后的骨灰 污染全世界的肺 然后让所有活着的人 记我一生的罪"
    },
    "149": {
        "from": "Heer",
        "text": "希望你可以看到，然后告诉我，你还在不在服务区"
    },
    "150": {
        "from": "Heer",
        "text": "孤独即是陪伴"
    },
    "151": {
        "from": "Heer",
        "text": "“我很好奇 班级里笑的最开心的那个女生耳机里放了什么音乐”"
    },
    "152": {
        "from": "Heer",
        "text": "這是一首開心的歌"
    },
    "153": {
        "from": "Heer",
        "text": "今天看到的一段话：“你特别烦的时候，先保持冷静，或者看一部开心的电影，或者喝一大杯水，不要试图跟朋友聊天，朋友是跟你分享快乐的人，而不是分享你痛苦的人，不要做一个唠唠叨叨的抱怨者，从现在起，要学会自己去化解，去承受。” 送给和我一样最近有点烦闷的人。"
    },
    "154": {
        "from": "Heer",
        "text": "没有人知道，在这个肺炎肆虐的寒冬，有个19岁的女孩，差点应为抑郁症跳楼自杀。但是她还是选择留在这个世上。回去睡一觉，那个自卑绝望的她死了。明早，那个乐观勇敢的她活了下来。"
    },
    "155": {
        "from": "Heer",
        "text": "请你我好好活下去 每天都可以是新的开始 好好睡一觉吧 明天一定会是崭新美好的一天"
    },
    "156": {
        "from": "Heer",
        "text": "等过了成年礼我就是大人，不过成年礼我就还是小孩。大人很累，小孩很难，在成年礼这天死去，是不是可以刚好解脱。"
    },
    "157": {
        "from": "Heer",
        "text": "这里 谁也不认识谁 把这里当做你的树洞吧"
    },
    "158": {
        "from": "Heer",
        "text": "我猜你晚上越来越严重的失眠，越来越依赖音乐，越来越差的情绪，越来越迷茫的前途，你对不起那个定闹钟起来背书的你。"
    },
    "159": {
        "from": "Heer",
        "text": "带着某些瞬间会突然袭来的心痛努力地生活，笑着说再见"
    },
    "160": {
        "from": "Heer",
        "text": "\n我不想再去认识一个新的人，再去磨合一切，不想再告诉他我的小秘密，再也不想在夜里一个人偷偷的哭，不想再去重新喜欢一个人，我只有一点点爱了，可我还要过一生。"
    },
    "161": {
        "from": "Heer",
        "text": "有些姑娘脸上满面春风 内心却是寸草不生"
    },
    "162": {
        "from": "Heer",
        "text": "死人通常埋在地下6英尺的深度，所以six feet under有被埋葬的意思"
    },
    "163": {
        "from": "Heer",
        "text": "现在你补作业时流的泪，就是你浪的时候脑子进的水。"
    },
    "164": {
        "from": "Heer",
        "text": "如果快乐太难，那我祝你想哭就哭。"
    },
    "165": {
        "from": "Heer",
        "text": "你要相信\n他不是走向死亡\n他只是走出了时间。"
    },
    "166": {
        "from": "Heer",
        "text": "这一首唱的是 “你是我 我亦是你。消失或存在 都在我记忆最深处 不灭不散” "
    },
    "167": {
        "from": "Heer",
        "text": "不要再给男朋友织围巾了，他觉得不好看，他也不会带，给爸爸织吧，他会高兴好久的。可惜我的爸爸去了无人之岛。"
    },
    "168": {
        "from": "Heer",
        "text": "上个月你结婚了，新娘和你很般配，嗯。你从当年的小男生长成了大男孩。亲她的时候，我突然想起高二那个中午，你偷亲我，你不知道的是，其实当时我没有睡着。现在我也有了女朋友，准备明年结婚了，祝彼此幸福。"
    },
    "169": {
        "from": "Heer",
        "text": "“要多温柔才配得上被偏爱和例外”"
    },
    "170": {
        "from": "Heer",
        "text": "对抗抑郁症第1224天，我很好，今天买了小个蛋糕给自己，开心哭了，祝自己生日快乐。"
    },
    "171": {
        "from": "Heer",
        "text": "第一次來人間，和地獄沒兩樣"
    },
    "172": {
        "from": "Heer",
        "text": "世间应该就是如此吧。单纯的像傻子。倔强的像疯子。无聊的像个呆子。随缘吧。爱咋咋地"
    },
    "173": {
        "from": "Heer",
        "text": "失敗した、失敗した、失敗した、失敗した、失敗した、失敗した、失敗した、失敗した、失敗した、失敗した、失敗した、失敗した、失敗した、失敗した、失敗した、失敗した、失敗した、失敗した、失敗した、失敗した、失敗した、失敗した、失敗した、失敗した、失敗した、失敗した、失敗した、、、、、、"
    },
    "174": {
        "from": "Heer",
        "text": "午觉之前，我就听着这首歌，觉得困，就连耳机也忘记摘下来，放的是循环  我就这么听着这首歌睡了两个小时，如果可以，我想听着这首歌，抱着我心爱的女孩，一直睡下去…"
    },
    "175": {
        "from": "Heer",
        "text": "因为频繁的人事调动，以及无休止的复印打印倒水等无关紧要的事，像这样呆在所谓的单位里有什么意义，我真的不明白。刚刚辞职了，领导问我想好了吗？我点点头，想好了。或许我还没有找到下一份工作，但是我想现在开始做自己喜欢的事应该还不算太晚。"
    },
    "176": {
        "from": "Heer",
        "text": "那部电影，不知道为什么那么多人在黑。但是我真的觉得不难看。"
    },
    "177": {
        "from": "Heer",
        "text": "这一生还没有走到中断就已经志丧了 我必须努力开心起来 希望你也是"
    },
    "178": {
        "from": "Heer",
        "text": "空集是我，我一无所有；空集是你，你无处不在。"
    },
    "179": {
        "from": "Heer",
        "text": "最近睡的很坏，你搬过来最好"
    },
    "180": {
        "from": "Heer",
        "text": "他在雨中吻我时  一定爱过我"
    },
    "181": {
        "from": "Heer",
        "text": "月光散成了千只绵羊"
    },
    "182": {
        "from": "Heer",
        "text": "老实讲，我真的没想到后摇会有这一天。越来越多的999+，动辄几百几千的评论，都在自诩孤独，让人尴尬。难道你们都是悲恸的诗人，就我听着后摇，还他妈想好好活一遭。"
    },
    "183": {
        "from": "Heer",
        "text": "没有人会喜欢孤独，只是比起忽冷忽热，孤独让人感到踏实。"
    },
    "184": {
        "from": "Heer",
        "text": "死于25岁，葬于75岁。"
    },
    "185": {
        "from": "Heer",
        "text": "2016年8月1日，我国官方确认，月球车玉兔停止工作。那只最顽强的兔子，与孤独斗争了972天。"
    },
    "186": {
        "from": "Heer",
        "text": "菜市场偶遇以前教病理的老头，读书时一帮女学生嫌他口无遮拦略显三俗。他见我只问两句话：“还爱看书吗？”“爱。”“还在写作吗？”“在。”他便心满意足，提着白菜扬长而去。怪哉，熟人重逢竟不问“恋否婚否薪资几何”？认得他十年，方知其名士风采。"
    },
    "187": {
        "from": "Heer",
        "text": "战争结束了 我独自一人回乡 背包里死去战友的标识牌轻而沉重 一路上汽车窗外掠过绿色 掠过人影 掠过飞鸟 我呆滞的望着 像个等待出院的病人 我回来了  又好像永远禁锢在了那场亡灵徘徊的地方 车外飘起了细雨 随风化成了雾 凄零零的跟着车子 战友阿 是你们吗 来吧 跟我一起回乡吧"
    },
    "188": {
        "from": "Heer",
        "text": "15那年第一个朋友跳了楼  满身是血 看的勇气都没有 看似平时那么阳光的一个女孩儿又漂亮怎么突然跳了楼  李斯如果你在的话现在应该21岁了"
    },
    "189": {
        "from": "Heer",
        "text": "你把保护我的笼子砸坏了"
    },
    "190": {
        "from": "Heer",
        "text": "我只是我 一个会莫名开心又突然难过的疯子"
    },
    "191": {
        "from": "Heer",
        "text": "喜欢你的女孩子很多 我只是个前女友而已"
    },
    "192": {
        "from": "Heer",
        "text": "能听到这首的大家都做个朋友吧，至少这个世界还有这几百个有交集的人"
    },
    "193": {
        "from": "Heer",
        "text": "Bittersweet Chocolate意思是微苦巧克力\n就像生活一样总是会碰到不开心的，但是依然要活下去。"
    },
    "194": {
        "from": "Heer",
        "text": "人往往在闲得发慌的时候最矫情最脆弱，在深渊挣扎的时候最清醒最坚强。"
    },
    "195": {
        "from": "Heer",
        "text": "这样贫瘠的年岁，粗暴的光，惊醒恍惚的梦。"
    },
    "196": {
        "from": "Heer",
        "text": "交流困难和呼吸困难差不多 都很窒息 ​​​"
    },
    "197": {
        "from": "Heer",
        "text": "鼓起勇气我对妈妈说心情有点不好。\n我没有得到安慰，而是不停的辱骂。"
    },
    "198": {
        "from": "Heer",
        "text": "“下楼签收了一份快递，是四月寄来的阳光。”"
    },
    "199": {
        "from": "Heer",
        "text": "我尊重同性恋 我理解抑郁症 我会喂网吧门口的流浪狗 会给需要的人让座 会对服务员说谢谢 纵然 我平庸 长相普通 脾气不好 曾经经历失败痛苦 伤心绝望 吃尽生活的苦 但我依然 想努力成为一个善良的人."
    },
    "200": {
        "from": "Heer",
        "text": "原定计划：好好活着\n突发情况：好好活着非常难\n改变计划：今年别死"
    },
    "201": {
        "from": "Heer",
        "text": "我舍不得杀死自己，我渴望意外死亡"
    },
    "202": {
        "from": "Heer",
        "text": "溫柔留給你們記得要好好生活"
    },
    "203": {
        "from": "Heer",
        "text": "“什么时候最孤独？”                                  “盛世烟火由你而放，他们都在看烟花，无人想起你”"
    },
    "204": {
        "from": "Heer",
        "text": "“十里寒塘路，烟花一半醒。”——清魏宪《西湖春晓》"
    },
    "205": {
        "from": "Heer",
        "text": "一个人坐在办公室，隔壁教室的孩子们正在考试。仿佛昨天还在隔壁的我现在却受着声声老师之礼。岁月和花火，谁更灿烂？"
    },
    "206": {
        "from": "Heer",
        "text": "从前 我有个小鱼塘 一天进来了一条鲨鱼 把其他的鱼都咬死了 它一天一天地长大 可能在鱼塘里它不开心了吧 它要去大海 我就放它去了大海 从此 没有鱼塘也没有鱼 我一个人在岸上看着海 看了很久"
    },
    "207": {
        "from": "Heer",
        "text": "十年生死两茫茫。不思量。自难忘。千里孤坟，无处话凄凉。纵使相逢应不识，尘满面，鬓如霜。夜来幽梦忽还乡。小轩窗。正梳妆。相顾无言，惟有泪千行。料得年年肠断处，明月夜，短松冈。"
    },
    "208": {
        "from": "好想爱这个世界啊",
        "text": "就算你躺在沙发上三天不起、不拉开窗帘，因为决定不了穿哪双袜子哭个没完，我也不会停止爱你。没有什么大不了的。这个地球上有75亿人，就有75亿种正常。 ​​​"
    },
    "209": {
        "from": "怎么了",
        "text": "王家卫说:  “我昨天遇到一个人，感觉他非常有意思，印象深刻。但后来就再也碰不上了，人生就是这样。  ”"
    },
    "210": {
        "from": "别怕 我在",
        "text": "我在一个通病的黑夜里，拾起了一把火柴，点燃了自己的希望，愿在以后的日子里，有水溶在我这身火中，降灭自己狂躁的情绪。"
    },
    "211": {
        "from": "孤独患者",
        "text": "让我想到村上春树的一句话，哪有人喜欢孤独啊，只是不想失望罢了。"
    },
    "212": {
        "from": "逃",
        "text": "陈韵如，你妈妈没有不要你，你弟弟不是真的不乖，而你，在这个世界上也不会是一个人，为什么你没有机会看到这一切，看到那个知道爸妈重男轻女，但想用自己叛逆的行为来衬托你乖巧懂事的弟弟，看到想要尽力维持你和弟弟美好生活的妈妈，还有那个默默站在角落里并想要温暖你爱护你一直懂你的莫俊杰。"
    },
    "213": {
        "from": "逃",
        "text": "每个女生都可能是陈韵如，但不是每个男生都是李子维。"
    },
    "214": {
        "from": "给自己的情书",
        "text": "和《笑忘书》相比，我可能更喜欢《给自己的情书》。"
    },
    "215": {
        "from": "给自己的情书",
        "text": "你仰望到太高 贬低的只有自己"
    },
    "216": {
        "from": "无名情书（献给抑郁症患者的一封情书）",
        "text": "“情书收下了，会好好活下去的。带着人间少有的暖。”"
    },
    "217": {
        "from": "无名情书（献给抑郁症患者的一封情书）",
        "text": "内涵靠抑郁症，想象力靠妄想症，出色的社交能力靠的是人格分裂，优异的成绩得益于强迫症，而活着，靠的是拖延症。你以为我在说笑么？如果有一天治好我的拖延症，你就笑不出来了。"
    },
    "218": {
        "from": "听，我的噩梦",
        "text": "我只想给别人留下爱和所有美好的回忆"
    },
    "219": {
        "from": "听，我的噩梦",
        "text": "这世上肯定有某个角落，存在着能完全领会我想表达的意思的人。——村上春树 ​​​"
    },
    "220": {
        "from": "痛不欲生啊",
        "text": "极度厌世，却不敢死"
    },
    "221": {
        "from": "痛不欲生啊",
        "text": "2019.05.12。。我兄弟因为车祸当场去世，我心突然就凉了，因为我是读书的，他已经外出打工了，到时正开心的玩着吃鸡，那个电话就过来了，是立案中心的。"
    },
    "222": {
        "from": "【抑郁症】写给病友们的歌",
        "text": "你永远不会知道随便别人一句数落心情就跌倒谷底的感觉，什么都不想做，什么都提不起兴趣，只想一个人呆着一个人抱着自己哭，没有一个人理解，没有一个人哭诉，唯一能做的只有崩溃过后收拾好自己的心情重新开始新的煎熬，你根本不知道什么时候会发病，你明明知道很多做的不对但是你根本控制不了自己。"
    },
    "223": {
        "from": "【抑郁症】写给病友们的歌",
        "text": "每天消极 堕落 暴躁 所有的负能量爆棚 晚上我变成怪物 缩在角落 那么多个夜里 我都想过要死 最终还不是一样又得继续 今晚睡去就当死去 明天又会重新生长出来 手臂上的伤疤，渐渐褪去疤痕，无数个夜晚在与抑郁作斗争"
    },
    "224": {
        "from": "【抑郁症】写给病友们的歌",
        "text": "白天是搞笑废物，晚上是抑郁怪物[口罩]"
    },
    "225": {
        "from": "抑郁症",
        "text": "没有人觉得我病了，他们只是认为我想太多了"
    }
}